{
   "frame_id" : "plate_center",
   "rotation" : {
      "pitch" : -0,
      "roll" : 0,
      "yaw" : 0.043982144853910166
   },
   "translation" : {
      "x" : 1.3939553197871932,
      "y" : -0.054226171249531031,
      "z" : 0.049999999254941946
   }
}
