{
   "frame_id" : "plate_center",
   "position" : {
      "x" : 1.5348859867709748,
      "y" : 0.58975248532452573,
      "z" : -0.020590321867875152
   },
   "rpy" : {
      "pitch" : 0,
      "roll" : 0,
      "yaw" : -1.5949376264515338
   }
}
