{
   "frame_id" : "plate_center",
   "position" : {
      "x" : 1.4916475664992059,
      "y" : 0.62344342106148287,
      "z" : 0.00068213853614528615
   },
   "rpy" : {
      "pitch" : 0,
      "roll" : 0,
      "yaw" : -1.5703642708267691
   }
}
