{
   "frame_id" : "plate_center",
   "point" : {
      "x" : 1.6454232931137085,
      "y" : -0.021838031709194183,
      "z" : 0.050000011920928955
   }
}
