{
   "frame_id" : "plate_center",
   "point" : {
      "x" : 1.5445287227630615,
      "y" : -0.016378771513700485,
      "z" : 0.050000011920928955
   }
}
