{
   "box_center_0" : {
      "position" : {
         "x" : 1.5348859867709748,
         "y" : 0.58975248532452573,
         "z" : -0.020590321867875152
      },
      "rpy" : {
         "pitch" : 0,
         "roll" : -0,
         "yaw" : -1.5949376264515338
      }
   },
   "box_left_0" : {
      "position" : {
         "x" : 1.5453052587540062,
         "y" : 1.0212639584909124,
         "z" : -0.020590321867875152
      },
      "rpy" : {
         "pitch" : 0,
         "roll" : -0,
         "yaw" : -1.5949376264515338
      }
   },
   "box_right_0" : {
      "position" : {
         "x" : 1.5251519203772683,
         "y" : 0.18661862565675263,
         "z" : -0.020590321867875152
      },
      "rpy" : {
         "pitch" : 0,
         "roll" : -0,
         "yaw" : -1.5949376264515338
      }
   },
   "frame_id" : "plate_center"
}
