{
    "start":     [-0.600,  1.51657,  -0.02,  -3.1416,      0.0,   1.5708],
    "mid":       [-0.570,  1.51657, -0.02,  -3.1416,      0.0,   1.5708],
    "approach":  [-0.520,  1.51657,  -0.02,  -3.1416,      0.0,   1.5708],
    "departure": [-0.600,  1.51657,  -0.02,  -3.1416,      0.0,   1.5708],
    "grasping":  [-0.490,  1.51657,  -0.02,  -3.1416,      0.0,   1.5708]
}



// {
//     "start":     [-0.580,  -0.250,  0.360,  -3.1416,      0.0,   1.5708],
//     "mid":       [-0.550,  -0.250,  0.360,  -3.1416,      0.0,   1.5708],
//     "approach":  [-0.500,  -0.250,  0.360,  -3.1416,      0.0,   1.5708],
//     "departure": [-0.490,  -0.250,  0.254,  -1.5708,   1.5708,      0.0],
//     "grasping":  [-0.470,  -0.250,  0.360,  -3.1416,      0.0,   1.5708]
// }
