{
    "start":     [0.560,  1.51657,  -0.01,  -3.1416,      0.0,   -1.5708],
    "mid":       [0.530,  1.51657,  -0.01,  -3.1416,      0.0,   -1.5708],
    "approach":  [0.480,  1.51657,  -0.01,  -3.1416,      0.0,   -1.5708],
    "departure": [0.560,  1.51657,  -0.01,  -3.1416,      0.0,   -1.5708],
    "grasping":  [0.450,  1.51657,  -0.01,  -3.1416,      0.0,   -1.5708]
}

// std pose
// {
//     "start":     [0.580,  -0.250,  0.350,  -3.1416,      0.0,   -1.5708],
//     "mid":       [0.550,  -0.250,  0.350,  -3.1416,      0.0,   -1.5708],
//     "approach":  [0.500,  -0.250,  0.350,  -3.1416,      0.0,   -1.5708],
//     "departure": [0.490,  -0.250,  0.254,  -1.5708,   -1.5708,      0.0],
//     "grasping":  [0.470,  -0.250,  0.350,  -3.1416,      0.0,   -1.5708]
// }